customer_id,age,country,gender,plan,monthly_spend,signup_date
CUST00001,58,Canada,Female,Free,122.45,2024-05-22
CUST00002,65,Canada,Female,Free,15.89,2024-04-05
CUST00003,31,UK,Male,Free,358.01,2025-12-19
CUST00004,52,Germany,Female,Basic,294.63,2024-01-07
CUST00005,66,UK,Female,Enterprise,138.94,2024-08-08
CUST00006,66,UAE,Male,Free,189.96,2025-01-02
CUST00007,40,USA,Male,Pro,364.87,2025-07-03
CUST00008,25,Germany,Female,Free,414.7,2025-09-25
CUST00009,41,USA,Male,Basic,22.91,2024-08-21
CUST00010,67,UAE,Male,Free,433.24,2025-01-24
CUST00011,35,Germany,Male,Pro,185.09,2024-08-02
CUST00012,60,UAE,Male,Free,267.07,2024-09-07
CUST00013,28,Germany,Female,Enterprise,494.76,2025-10-17
CUST00014,62,USA,Female,Basic,421.43,2024-02-27
CUST00015,32,Canada,Female,Pro,133.87,2024-08-04
CUST00016,54,UAE,Female,Basic,197.82,2025-10-20
CUST00017,47,UK,Male,Pro,123.31,2025-07-28
CUST00018,52,UAE,Female,Enterprise,181.0,2024-05-21
CUST00019,50,Germany,Male,Free,430.55,2024-06-05
CUST00020,58,UK,Male,Enterprise,192.38,2025-09-02
CUST00021,47,USA,Male,Pro,340.14,2024-04-27
CUST00022,61,USA,Female,Pro,55.78,2025-03-21
CUST00023,28,Germany,Female,Free,485.94,2024-07-01
CUST00024,50,Canada,Male,Pro,76.42,2024-06-14
CUST00025,52,USA,Female,Free,244.3,2024-04-24
CUST00026,41,UAE,Male,Basic,120.44,2025-08-03
CUST00027,23,Canada,Male,Enterprise,488.99,2025-06-29
CUST00028,67,UK,Female,Basic,473.42,2024-06-18
CUST00029,34,USA,Male,Enterprise,464.46,2025-12-07
CUST00030,30,UAE,Female,Enterprise,219.05,2025-06-13
CUST00031,46,Canada,Male,Basic,32.01,2024-01-22
CUST00032,55,USA,Male,Basic,3.6,2025-12-25
CUST00033,58,Canada,Male,Basic,452.71,2024-12-04
CUST00034,22,USA,Female,Basic,334.49,2024-08-07
CUST00035,52,UK,Male,Enterprise,392.31,2025-02-20
CUST00036,30,Canada,Female,Free,177.15,2025-02-24
CUST00037,47,Canada,Male,Free,201.31,2024-12-13
CUST00038,69,Canada,Male,Basic,95.1,2025-04-04
CUST00039,26,Germany,Female,Basic,231.31,2024-03-18
CUST00040,46,USA,Male,Free,326.07,2025-07-07
CUST00041,18,Canada,Male,Basic,203.21,2025-05-07
CUST00042,31,Germany,Male,Free,189.49,2025-02-03
CUST00043,34,Germany,Female,Pro,348.3,2025-07-23
CUST00044,60,Germany,Male,Basic,148.35,2024-02-29
CUST00045,55,USA,Female,Free,28.58,2025-08-21
CUST00046,48,USA,Male,Basic,480.39,2024-03-23
CUST00047,29,Canada,Male,Free,201.89,2025-08-06
CUST00048,33,USA,Male,Free,209.61,2025-08-20
CUST00049,54,USA,Female,Pro,102.13,2024-11-17
CUST00050,33,UAE,Male,Enterprise,335.85,2024-11-03
CUST00051,47,UAE,Male,Free,229.14,2025-07-30
CUST00052,24,Canada,Female,Basic,66.23,2024-12-23
CUST00053,22,UK,Female,Pro,78.87,2025-07-10
CUST00054,63,UAE,Female,Free,465.88,2024-04-16
CUST00055,26,UAE,Male,Free,371.21,2024-06-08
CUST00056,35,UAE,Female,Basic,101.8,2025-10-11
CUST00057,34,USA,Female,Enterprise,452.67,2024-02-22
CUST00058,23,Germany,Male,Pro,1.77,2024-05-13
CUST00059,58,UAE,Female,Basic,275.84,2025-03-13
CUST00060,53,Canada,Male,Free,472.53,2025-12-08
CUST00061,27,USA,Female,Free,291.25,2024-05-31
CUST00062,45,UK,Female,Free,182.33,2024-02-10
CUST00063,40,UK,Male,Basic,176.84,2025-07-27
CUST00064,44,USA,Male,Basic,432.3,2024-06-30
CUST00065,44,Canada,Female,Basic,391.19,2025-02-25
CUST00066,69,UK,Male,Pro,393.69,2024-04-20
CUST00067,42,Canada,Male,Enterprise,99.79,2025-04-16
CUST00068,40,UAE,Male,Basic,11.83,2024-07-16
CUST00069,43,UAE,Male,Pro,483.44,2024-10-12
CUST00070,40,USA,Female,Enterprise,469.62,2024-04-28
CUST00071,34,UK,Male,Pro,54.2,2025-03-20
CUST00072,40,UAE,Male,Enterprise,192.6,2025-08-13
CUST00073,30,UAE,Female,Free,0.85,2025-07-05
CUST00074,61,UK,Female,Pro,34.99,2025-11-11
CUST00075,39,USA,Male,Pro,359.88,2024-11-03
CUST00076,50,UAE,Female,Enterprise,201.2,2024-10-29
CUST00077,53,UK,Female,Basic,332.46,2025-01-23
CUST00078,61,UK,Female,Pro,273.97,2024-01-01
CUST00079,37,UAE,Female,Basic,392.88,2025-09-13
CUST00080,59,UAE,Female,Enterprise,221.08,2024-08-06
CUST00081,50,Germany,Male,Basic,141.89,2025-11-10
CUST00082,58,USA,Male,Pro,409.21,2024-08-28
CUST00083,61,UAE,Male,Basic,73.68,2024-02-17
CUST00084,33,Germany,Female,Free,207.22,2025-10-06
CUST00085,54,UK,Female,Enterprise,199.83,2024-05-31
CUST00086,59,Canada,Female,Free,109.42,2025-12-13
CUST00087,51,Germany,Male,Free,458.74,2024-05-04
CUST00088,47,UK,Female,Enterprise,475.02,2025-03-29
CUST00089,57,USA,Female,Enterprise,448.6,2025-05-01
CUST00090,46,UAE,Female,Basic,382.91,2025-06-17
CUST00091,49,UK,Female,Pro,38.74,2024-10-19
CUST00092,33,UAE,Female,Pro,446.51,2024-03-23
CUST00093,26,UK,Female,Basic,346.97,2025-12-24
CUST00094,31,Canada,Female,Enterprise,165.44,2025-04-22
CUST00095,44,Canada,Female,Basic,194.74,2025-08-21
CUST00096,62,Canada,Female,Enterprise,2.95,2024-12-26
CUST00097,37,Germany,Male,Enterprise,244.11,2024-10-06
CUST00098,45,Germany,Female,Free,168.06,2025-11-26
CUST00099,69,Germany,Female,Basic,459.77,2025-09-29
CUST00100,52,Canada,Male,Enterprise,41.97,2025-03-14
CUST00101,26,Germany,Male,Basic,130.08,2024-12-01
CUST00102,31,Germany,Female,Pro,380.61,2025-01-23
CUST00103,35,Germany,Male,Pro,235.15,2025-07-06
CUST00104,21,UAE,Male,Basic,390.62,2025-10-29
CUST00105,20,Canada,Male,Basic,419.61,2025-09-28
CUST00106,27,UK,Female,Basic,334.73,2025-07-31
CUST00107,31,Germany,Female,Pro,83.89,2025-09-13
CUST00108,65,Canada,Female,Basic,54.05,2024-01-27
CUST00109,37,USA,Female,Enterprise,470.74,2024-07-22
CUST00110,22,USA,Male,Basic,348.6,2024-11-04
CUST00111,61,USA,Male,Free,173.6,2025-03-14
CUST00112,60,UAE,Female,Free,6.33,2025-03-06
CUST00113,70,Germany,Female,Free,480.39,2025-10-12
CUST00114,47,UK,Male,Enterprise,366.9,2025-10-28
CUST00115,35,USA,Female,Enterprise,217.79,2025-08-29
CUST00116,35,UAE,Male,Basic,139.46,2025-04-06
CUST00117,33,Germany,Female,Enterprise,14.35,2024-11-28
CUST00118,29,Germany,Female,Basic,398.92,2024-12-14
CUST00119,35,USA,Male,Pro,258.31,2024-07-14
CUST00120,23,UK,Female,Enterprise,277.59,2024-09-03
CUST00121,62,Germany,Female,Enterprise,396.47,2024-04-05
CUST00122,36,UK,Male,Enterprise,153.1,2025-08-18
CUST00123,41,Germany,Female,Pro,498.32,2025-07-17
CUST00124,39,UAE,Female,Enterprise,153.31,2024-08-24
CUST00125,25,UK,Male,Pro,371.44,2025-12-07
CUST00126,29,UK,Female,Basic,138.25,2025-08-26
CUST00127,66,USA,Male,Pro,416.31,2024-10-30
CUST00128,32,UAE,Female,Basic,7.07,2025-06-30
CUST00129,26,UAE,Male,Free,276.68,2025-12-15
CUST00130,26,Germany,Male,Free,287.03,2025-04-25
CUST00131,48,Germany,Male,Pro,482.75,2024-09-15
CUST00132,48,Canada,Female,Free,245.87,2025-08-13
CUST00133,58,Canada,Male,Basic,405.57,2024-11-07
CUST00134,23,UK,Female,Free,303.16,2025-09-25
CUST00135,32,USA,Female,Enterprise,454.25,2024-10-31
CUST00136,55,Germany,Male,Pro,304.82,2024-04-11
CUST00137,66,UK,Female,Basic,330.21,2024-06-09
CUST00138,33,UK,Male,Free,1.34,2025-04-06
CUST00139,62,USA,Female,Enterprise,16.32,2024-10-22
CUST00140,63,UAE,Male,Enterprise,343.69,2024-09-27
CUST00141,68,USA,Female,Basic,57.39,2024-08-18
CUST00142,59,UK,Male,Pro,35.7,2024-06-18
CUST00143,68,UAE,Female,Pro,62.18,2025-12-06
CUST00144,37,Germany,Female,Pro,218.88,2025-09-04
CUST00145,20,Germany,Female,Pro,12.93,2024-08-22
CUST00146,61,USA,Female,Free,288.12,2024-06-28
CUST00147,48,USA,Female,Enterprise,90.74,2025-08-22
CUST00148,45,Germany,Female,Free,173.98,2024-12-07
CUST00149,38,Canada,Female,Basic,205.82,2025-05-22
CUST00150,36,Germany,Female,Free,44.03,2024-09-15
CUST00151,38,Canada,Male,Enterprise,328.83,2025-07-09
CUST00152,47,Germany,Male,Free,259.22,2025-09-29
CUST00153,66,Germany,Male,Enterprise,101.78,2025-07-16
CUST00154,26,UAE,Female,Enterprise,60.71,2025-10-07
CUST00155,56,UK,Female,Basic,275.42,2025-07-19
CUST00156,44,Canada,Male,Basic,230.72,2024-04-30
CUST00157,59,UK,Female,Enterprise,254.44,2024-10-06
CUST00158,44,Germany,Male,Enterprise,228.39,2024-05-28
CUST00159,42,UK,Male,Basic,138.12,2025-02-28
CUST00160,39,USA,Male,Pro,141.42,2024-11-01
CUST00161,55,USA,Male,Enterprise,223.27,2025-05-10
CUST00162,40,UAE,Female,Enterprise,466.43,2024-07-12
CUST00163,62,UK,Male,Enterprise,428.01,2025-02-24
CUST00164,20,UAE,Female,Enterprise,193.04,2025-11-10
CUST00165,68,UK,Male,Enterprise,63.12,2025-08-27
CUST00166,39,Canada,Male,Enterprise,262.98,2025-04-12
CUST00167,18,UK,Male,Enterprise,37.41,2024-09-28
CUST00168,39,USA,Male,Enterprise,425.88,2025-11-21
CUST00169,52,Germany,Female,Pro,436.19,2024-02-06
CUST00170,57,Canada,Female,Basic,498.71,2024-04-02
CUST00171,45,Canada,Female,Free,83.18,2024-11-02
CUST00172,19,Canada,Male,Pro,146.68,2025-01-18
CUST00173,45,UK,Female,Basic,282.96,2024-07-03
CUST00174,28,UK,Female,Free,309.86,2024-09-03
CUST00175,49,USA,Male,Basic,230.57,2024-09-17
CUST00176,47,UAE,Female,Free,450.6,2025-11-24
CUST00177,52,UK,Female,Free,472.62,2025-08-24
CUST00178,37,Germany,Female,Pro,422.65,2024-07-22
CUST00179,42,Germany,Male,Free,190.68,2025-01-02
CUST00180,54,UAE,Male,Pro,488.97,2025-11-05
CUST00181,43,UAE,Male,Free,455.31,2025-05-23
CUST00182,36,UK,Male,Pro,318.31,2025-09-27
CUST00183,34,UK,Male,Free,154.47,2025-03-27
CUST00184,20,USA,Male,Pro,45.07,2024-10-29
CUST00185,38,Germany,Male,Basic,66.08,2025-07-06
CUST00186,41,USA,Male,Pro,128.49,2025-05-08
CUST00187,69,UAE,Male,Pro,234.17,2024-03-18
CUST00188,27,UK,Female,Enterprise,45.15,2025-02-08
CUST00189,18,UAE,Female,Free,184.29,2025-11-19
CUST00190,34,USA,Female,Enterprise,54.17,2024-08-27
CUST00191,48,Canada,Male,Pro,323.83,2025-10-12
CUST00192,70,Germany,Female,Pro,58.34,2024-02-16
CUST00193,20,UAE,Male,Enterprise,48.6,2025-07-04
CUST00194,26,Germany,Female,Enterprise,335.24,2025-12-14
CUST00195,52,Germany,Female,Basic,327.46,2025-05-16
CUST00196,57,Germany,Male,Pro,345.14,2024-08-10
CUST00197,46,Germany,Female,Basic,49.68,2025-12-03
CUST00198,41,USA,Male,Pro,199.07,2024-07-13
CUST00199,25,Germany,Male,Free,320.85,2025-09-03
CUST00200,19,Canada,Male,Pro,494.41,2025-08-01
CUST00201,31,Canada,Male,Basic,406.53,2024-08-26
CUST00202,39,UK,Female,Free,429.2,2024-05-28
CUST00203,26,USA,Male,Pro,54.96,2024-01-27
CUST00204,26,Canada,Male,Pro,294.43,2024-01-17
CUST00205,29,UAE,Male,Free,370.86,2025-06-22
CUST00206,25,Canada,Female,Enterprise,389.01,2025-06-09
CUST00207,55,Canada,Male,Enterprise,472.71,2024-02-14
CUST00208,64,USA,Female,Pro,321.67,2024-02-01
CUST00209,21,Germany,Female,Enterprise,343.05,2025-05-17
CUST00210,63,Germany,Male,Free,161.06,2024-05-31
CUST00211,22,UK,Female,Pro,190.45,2025-09-03
CUST00212,51,UAE,Female,Enterprise,49.59,2025-12-19
CUST00213,25,USA,Female,Basic,225.78,2024-08-21
CUST00214,44,UAE,Female,Enterprise,207.99,2024-04-07
CUST00215,38,Germany,Female,Pro,187.15,2024-06-05
CUST00216,61,Germany,Male,Free,415.89,2024-04-05
CUST00217,45,Canada,Male,Pro,278.19,2025-08-23
CUST00218,53,USA,Male,Pro,205.4,2025-11-12
CUST00219,66,Germany,Female,Free,300.21,2024-12-26
CUST00220,24,USA,Male,Basic,328.37,2024-08-17
CUST00221,24,UAE,Male,Pro,381.3,2025-08-10
CUST00222,32,Germany,Female,Free,14.48,2024-10-06
CUST00223,62,UAE,Female,Pro,3.05,2024-05-26
CUST00224,54,Germany,Male,Free,370.48,2024-02-01
CUST00225,23,USA,Female,Basic,209.92,2024-12-15
CUST00226,28,UAE,Female,Pro,388.42,2025-08-04
CUST00227,56,Canada,Male,Free,78.7,2025-09-24
CUST00228,21,Canada,Female,Pro,330.97,2025-05-12
CUST00229,56,Germany,Female,Enterprise,107.78,2025-06-08
CUST00230,25,UAE,Male,Enterprise,141.62,2025-11-25
CUST00231,55,Germany,Male,Pro,110.26,2025-09-05
CUST00232,21,Canada,Female,Basic,472.66,2024-05-20
CUST00233,66,UAE,Female,Pro,59.99,2025-05-24
CUST00234,65,Germany,Male,Basic,190.1,2025-12-21
CUST00235,32,USA,Male,Pro,198.54,2024-02-13
CUST00236,45,Canada,Male,Enterprise,431.06,2025-08-12
CUST00237,45,USA,Female,Enterprise,144.76,2025-02-18
CUST00238,19,UAE,Female,Basic,416.01,2025-01-05
CUST00239,23,Germany,Male,Free,217.84,2025-02-14
CUST00240,51,Canada,Female,Enterprise,372.9,2024-08-14
CUST00241,39,UK,Male,Free,265.3,2024-07-17
CUST00242,67,UAE,Male,Pro,118.13,2024-05-29
CUST00243,34,UK,Male,Basic,380.11,2025-11-02
CUST00244,22,UK,Female,Enterprise,377.22,2025-08-16
CUST00245,46,USA,Female,Pro,75.48,2024-03-10
CUST00246,48,Germany,Female,Pro,295.71,2024-12-26
CUST00247,50,Canada,Female,Pro,225.96,2024-02-28
CUST00248,41,UAE,Male,Free,307.5,2025-06-03
CUST00249,42,Germany,Female,Free,454.52,2025-08-08
CUST00250,59,UK,Female,Pro,250.68,2024-03-04
CUST00251,46,Canada,Male,Pro,252.27,2024-06-25
CUST00252,20,UK,Female,Enterprise,262.03,2025-09-16
CUST00253,28,UAE,Female,Pro,193.71,2024-12-12
CUST00254,61,USA,Female,Free,32.96,2024-04-06
CUST00255,53,Germany,Female,Pro,361.87,2025-11-03
CUST00256,56,UK,Male,Pro,291.37,2024-05-24
CUST00257,40,UAE,Male,Enterprise,297.52,2024-03-27
CUST00258,37,USA,Female,Enterprise,406.59,2025-11-17
CUST00259,62,USA,Female,Free,254.24,2024-01-19
CUST00260,41,UAE,Male,Basic,170.87,2025-05-12
CUST00261,30,UK,Male,Basic,38.58,2024-04-13
CUST00262,50,USA,Female,Free,438.2,2025-09-24
CUST00263,26,USA,Male,Enterprise,81.12,2025-12-10
CUST00264,67,USA,Female,Basic,21.85,2025-01-08
CUST00265,61,UK,Female,Enterprise,376.2,2025-04-04
CUST00266,32,USA,Female,Basic,482.8,2025-04-25
CUST00267,30,UAE,Female,Enterprise,384.72,2025-01-26
CUST00268,50,USA,Male,Enterprise,408.45,2025-09-11
CUST00269,26,UAE,Female,Free,437.06,2025-07-21
CUST00270,24,USA,Female,Free,41.94,2024-06-13
CUST00271,35,Germany,Female,Basic,45.86,2024-08-15
CUST00272,70,Germany,Male,Pro,207.45,2025-02-09
CUST00273,50,UAE,Female,Basic,497.26,2025-01-18
CUST00274,32,Canada,Male,Pro,419.59,2025-10-27
CUST00275,39,UK,Male,Basic,143.44,2025-04-28
CUST00276,62,UK,Female,Enterprise,307.67,2024-03-22
CUST00277,19,UAE,Male,Basic,274.4,2025-09-15
CUST00278,51,Germany,Female,Free,118.82,2024-05-04
CUST00279,21,UK,Female,Enterprise,31.4,2025-05-26
CUST00280,56,USA,Male,Free,359.27,2024-10-25
CUST00281,45,Canada,Male,Pro,285.33,2024-07-10
CUST00282,60,Canada,Male,Pro,476.7,2025-07-11
CUST00283,50,USA,Female,Free,436.67,2024-02-14
CUST00284,58,Germany,Female,Pro,373.66,2024-12-31
CUST00285,68,Canada,Male,Pro,366.47,2025-10-05
CUST00286,24,USA,Male,Pro,22.17,2025-07-13
CUST00287,39,UK,Female,Enterprise,315.87,2024-05-18
CUST00288,22,Germany,Female,Free,100.8,2024-07-23
CUST00289,20,UAE,Female,Pro,494.56,2025-07-10
CUST00290,48,UAE,Male,Free,143.06,2024-02-18
CUST00291,59,UAE,Male,Pro,399.67,2025-03-23
CUST00292,43,Germany,Female,Enterprise,486.86,2025-05-23
CUST00293,62,Germany,Female,Pro,400.57,2025-03-10
CUST00294,23,Germany,Female,Basic,160.61,2024-03-22
CUST00295,38,UAE,Female,Pro,301.31,2025-03-12
CUST00296,28,Germany,Female,Pro,21.18,2024-12-27
CUST00297,57,Germany,Male,Pro,37.52,2025-10-14
CUST00298,43,UAE,Male,Basic,71.39,2025-09-14
CUST00299,61,Germany,Male,Free,33.62,2025-10-22
CUST00300,41,UAE,Male,Enterprise,302.55,2025-11-26
CUST00301,46,UAE,Female,Pro,381.54,2025-08-10
CUST00302,26,USA,Female,Pro,157.19,2024-10-12
CUST00303,33,Canada,Male,Free,249.52,2025-01-31
CUST00304,53,Canada,Female,Pro,352.02,2024-08-07
CUST00305,57,UAE,Male,Enterprise,61.32,2024-03-16
CUST00306,46,UK,Male,Enterprise,405.26,2024-11-23
CUST00307,60,UAE,Female,Free,445.67,2024-06-10
CUST00308,63,UK,Male,Pro,60.68,2024-07-24
CUST00309,68,UK,Female,Basic,13.14,2025-07-21
CUST00310,54,UAE,Male,Enterprise,305.97,2024-03-29
CUST00311,22,UAE,Female,Enterprise,262.85,2025-02-23
CUST00312,70,USA,Male,Free,486.19,2025-10-19
CUST00313,22,Germany,Female,Enterprise,64.17,2025-07-18
CUST00314,58,USA,Male,Basic,216.31,2024-02-26
CUST00315,25,USA,Female,Basic,82.33,2024-11-26
CUST00316,63,UK,Female,Pro,422.97,2024-09-13
CUST00317,30,USA,Male,Pro,312.51,2025-09-21
CUST00318,52,Canada,Male,Basic,85.6,2025-10-01
CUST00319,64,USA,Male,Pro,412.62,2024-01-30
CUST00320,23,Canada,Male,Pro,383.48,2025-03-02
CUST00321,57,Canada,Female,Enterprise,320.95,2024-11-05
CUST00322,48,UK,Female,Enterprise,226.77,2025-12-06
CUST00323,21,UK,Female,Enterprise,242.13,2024-07-27
CUST00324,39,USA,Female,Basic,430.74,2024-11-22
CUST00325,64,UAE,Male,Enterprise,380.33,2025-06-11
CUST00326,53,Canada,Male,Pro,233.24,2024-09-30
CUST00327,46,UK,Male,Basic,25.3,2025-01-28
CUST00328,57,Germany,Male,Basic,406.74,2025-08-14
CUST00329,64,UAE,Male,Basic,249.13,2025-06-11
CUST00330,47,Germany,Female,Pro,11.59,2025-02-06
CUST00331,50,Germany,Male,Basic,291.67,2024-02-19
CUST00332,21,UAE,Female,Enterprise,142.87,2024-01-09
CUST00333,24,Germany,Female,Basic,363.75,2025-02-16
CUST00334,41,Canada,Male,Enterprise,285.14,2024-07-18
CUST00335,41,USA,Male,Pro,193.17,2025-04-06
CUST00336,66,USA,Male,Pro,64.33,2024-04-09
CUST00337,43,UAE,Female,Pro,377.48,2024-07-22
CUST00338,56,USA,Male,Enterprise,22.65,2024-05-20
CUST00339,63,UAE,Female,Enterprise,74.47,2025-06-11
CUST00340,26,UAE,Male,Pro,196.48,2025-09-23
CUST00341,65,UAE,Female,Pro,354.37,2024-11-02
CUST00342,48,Canada,Female,Pro,336.9,2025-03-02
CUST00343,55,UAE,Female,Free,132.77,2025-11-02
CUST00344,68,USA,Male,Basic,291.76,2024-06-23
CUST00345,51,USA,Male,Enterprise,410.83,2024-09-05
CUST00346,20,USA,Male,Free,9.47,2024-11-17
CUST00347,44,UK,Male,Enterprise,205.19,2025-09-18
CUST00348,48,Canada,Male,Basic,280.44,2025-11-09
CUST00349,48,USA,Female,Enterprise,478.34,2025-04-15
CUST00350,52,UAE,Female,Pro,305.04,2024-07-15
CUST00351,33,UAE,Male,Pro,470.74,2024-10-31
CUST00352,67,UAE,Female,Basic,158.52,2024-12-23
CUST00353,53,UAE,Male,Pro,286.74,2025-07-10
CUST00354,42,Germany,Male,Pro,145.23,2024-10-21
CUST00355,63,Canada,Female,Pro,327.99,2025-05-05
CUST00356,31,UK,Female,Pro,68.64,2025-09-22
CUST00357,65,USA,Male,Basic,25.38,2025-06-27
CUST00358,32,UK,Male,Free,206.65,2025-04-28
CUST00359,24,UK,Male,Free,203.45,2025-05-02
CUST00360,48,UK,Female,Pro,142.71,2024-03-01
CUST00361,67,Canada,Male,Basic,456.61,2024-06-28
CUST00362,44,UK,Female,Free,393.98,2024-07-09
CUST00363,65,UAE,Male,Free,149.2,2025-09-09
CUST00364,24,UAE,Female,Pro,494.55,2025-07-10
CUST00365,51,Germany,Female,Basic,136.42,2024-04-25
CUST00366,39,UK,Female,Enterprise,359.3,2024-01-15
CUST00367,65,UAE,Male,Pro,87.75,2025-10-16
CUST00368,43,Germany,Male,Pro,200.42,2024-04-07
CUST00369,29,UK,Female,Enterprise,467.91,2024-01-07
CUST00370,34,Germany,Female,Basic,376.88,2024-12-03
CUST00371,37,USA,Female,Free,326.84,2025-12-10
CUST00372,33,Canada,Female,Free,153.4,2025-02-19
CUST00373,61,USA,Male,Pro,319.36,2024-10-29
CUST00374,41,USA,Male,Basic,478.68,2025-05-04
CUST00375,27,Germany,Female,Pro,350.97,2025-04-27
CUST00376,66,USA,Male,Basic,340.17,2025-09-02
CUST00377,68,Canada,Female,Enterprise,39.05,2025-07-31
CUST00378,25,Canada,Male,Basic,82.27,2025-06-16
CUST00379,46,Canada,Female,Basic,45.47,2025-06-06
CUST00380,46,Canada,Male,Enterprise,256.62,2025-04-12
CUST00381,54,Canada,Female,Enterprise,361.64,2025-02-09
CUST00382,34,Canada,Male,Basic,22.64,2024-12-18
CUST00383,62,Canada,Male,Free,493.07,2025-04-28
CUST00384,20,UAE,Male,Enterprise,384.49,2025-10-18
CUST00385,64,Germany,Female,Pro,224.27,2025-01-21
CUST00386,42,Canada,Female,Basic,59.32,2025-07-04
CUST00387,43,USA,Male,Basic,417.41,2024-01-24
CUST00388,37,Germany,Female,Enterprise,411.68,2024-09-10
CUST00389,47,UAE,Female,Basic,94.24,2024-04-25
CUST00390,20,Germany,Male,Free,103.04,2024-04-13
CUST00391,56,Canada,Male,Enterprise,122.37,2024-02-15
CUST00392,43,Germany,Male,Basic,377.19,2024-02-27
CUST00393,26,USA,Male,Pro,407.89,2025-08-12
CUST00394,38,USA,Male,Pro,150.88,2024-05-26
CUST00395,60,USA,Female,Basic,150.25,2024-03-03
CUST00396,53,USA,Female,Basic,277.93,2024-02-18
CUST00397,40,Germany,Female,Pro,204.13,2024-11-03
CUST00398,42,UK,Male,Enterprise,424.67,2024-11-03
CUST00399,63,UK,Male,Enterprise,281.19,2025-03-02
CUST00400,53,USA,Female,Basic,121.43,2024-07-27
CUST00401,39,Canada,Female,Enterprise,46.23,2024-07-14
CUST00402,21,UAE,Male,Enterprise,436.81,2024-07-11
CUST00403,69,USA,Female,Basic,104.44,2024-12-06
CUST00404,37,Canada,Male,Basic,481.04,2024-04-30
CUST00405,65,Germany,Male,Basic,198.32,2024-09-02
CUST00406,53,UAE,Female,Pro,233.13,2025-10-26
CUST00407,40,UAE,Female,Pro,256.41,2025-05-24
CUST00408,47,Canada,Female,Enterprise,457.17,2025-01-14
CUST00409,38,Germany,Male,Free,370.63,2024-01-17
CUST00410,34,USA,Female,Enterprise,76.21,2024-12-03
CUST00411,32,Germany,Female,Basic,275.32,2025-12-02
CUST00412,39,UAE,Female,Enterprise,230.41,2024-12-26
CUST00413,28,UK,Male,Enterprise,458.45,2025-07-09
CUST00414,59,Canada,Male,Free,472.59,2025-11-15
CUST00415,21,Canada,Male,Enterprise,421.27,2024-08-24
CUST00416,22,UK,Male,Free,252.87,2025-01-17
CUST00417,21,USA,Female,Enterprise,7.87,2025-06-28
CUST00418,53,Germany,Male,Free,264.71,2024-10-08
CUST00419,52,UAE,Female,Free,403.08,2024-07-02
CUST00420,24,Canada,Male,Basic,95.97,2025-06-23
CUST00421,34,UAE,Female,Pro,39.51,2025-02-19
CUST00422,47,USA,Male,Basic,149.99,2024-03-23
CUST00423,59,Canada,Female,Free,189.63,2025-07-19
CUST00424,48,Canada,Male,Free,41.34,2025-03-20
CUST00425,59,UAE,Male,Free,114.88,2025-12-09
CUST00426,54,Germany,Male,Pro,462.08,2025-12-01
CUST00427,35,USA,Male,Free,464.38,2024-11-18
CUST00428,19,UK,Female,Basic,464.44,2024-11-02
CUST00429,28,USA,Female,Basic,338.52,2025-07-07
CUST00430,39,Germany,Male,Basic,250.4,2024-12-20
CUST00431,21,Canada,Male,Enterprise,419.34,2024-12-14
CUST00432,56,USA,Female,Enterprise,14.81,2024-10-06
CUST00433,68,Germany,Male,Enterprise,177.91,2025-01-19
CUST00434,45,UK,Male,Enterprise,386.08,2024-10-29
CUST00435,69,UK,Male,Free,133.99,2025-01-24
CUST00436,63,UK,Female,Enterprise,180.35,2024-04-03
CUST00437,18,UAE,Female,Enterprise,380.67,2024-04-14
CUST00438,26,Canada,Female,Basic,224.42,2025-07-22
CUST00439,50,Germany,Male,Free,44.81,2025-07-21
CUST00440,23,USA,Female,Pro,6.17,2025-02-27
CUST00441,42,Canada,Male,Basic,342.66,2024-06-22
CUST00442,26,UAE,Female,Pro,246.56,2024-03-05
CUST00443,28,Germany,Female,Pro,149.88,2024-03-19
CUST00444,41,UAE,Female,Basic,296.9,2024-07-19
CUST00445,47,Canada,Female,Basic,3.38,2025-02-09
CUST00446,39,USA,Female,Enterprise,220.11,2025-03-16
CUST00447,70,USA,Female,Basic,160.33,2025-12-12
CUST00448,30,Germany,Male,Pro,482.29,2024-11-22
CUST00449,36,Germany,Female,Basic,188.03,2025-02-06
CUST00450,41,Canada,Male,Basic,340.86,2025-07-17
CUST00451,19,Germany,Female,Basic,398.84,2025-12-10
CUST00452,22,Germany,Male,Enterprise,316.67,2024-09-04
CUST00453,34,UK,Female,Enterprise,36.98,2025-09-04
CUST00454,48,USA,Female,Enterprise,271.82,2025-01-03
CUST00455,62,USA,Male,Free,384.48,2025-11-04
CUST00456,60,UAE,Male,Basic,281.61,2025-10-22
CUST00457,61,Germany,Female,Pro,52.97,2024-04-10
CUST00458,34,UK,Female,Basic,187.06,2025-04-19
CUST00459,67,USA,Female,Basic,498.85,2025-05-09
CUST00460,24,UAE,Male,Enterprise,58.03,2024-05-25
CUST00461,40,UAE,Female,Pro,392.13,2025-06-17
CUST00462,48,UAE,Male,Enterprise,219.08,2025-12-14
CUST00463,46,UAE,Female,Free,22.34,2025-12-28
CUST00464,25,Canada,Male,Pro,338.57,2024-06-17
CUST00465,65,UK,Male,Basic,165.49,2025-03-12
CUST00466,47,UK,Male,Enterprise,93.19,2025-11-04
CUST00467,45,Germany,Male,Free,224.79,2025-03-15
CUST00468,42,Canada,Male,Basic,139.17,2025-12-21
CUST00469,69,Canada,Male,Free,182.9,2024-07-20
CUST00470,47,Canada,Female,Pro,263.86,2025-10-16
CUST00471,38,USA,Female,Enterprise,293.5,2024-12-22
CUST00472,40,Germany,Female,Basic,459.34,2025-08-27
CUST00473,23,UK,Male,Pro,119.29,2024-04-29
CUST00474,29,UAE,Female,Basic,209.12,2024-05-21
CUST00475,54,Germany,Male,Enterprise,243.34,2025-07-04
CUST00476,62,UK,Female,Basic,144.42,2024-07-10
CUST00477,38,Germany,Female,Free,475.92,2025-05-11
CUST00478,26,UK,Female,Enterprise,204.57,2025-05-18
CUST00479,44,Germany,Male,Enterprise,41.34,2024-02-01
CUST00480,68,UK,Male,Pro,137.43,2025-07-04
CUST00481,36,UK,Female,Enterprise,274.86,2024-04-25
CUST00482,54,Canada,Female,Pro,271.02,2024-02-12
CUST00483,66,Germany,Female,Basic,51.21,2025-10-31
CUST00484,66,UK,Male,Pro,224.87,2024-12-22
CUST00485,70,Canada,Male,Enterprise,387.82,2024-08-30
CUST00486,31,USA,Female,Pro,82.99,2024-05-22
CUST00487,68,UK,Male,Basic,285.04,2025-06-29
CUST00488,35,USA,Female,Basic,489.5,2024-10-26
CUST00489,36,USA,Male,Pro,67.79,2025-02-25
CUST00490,21,UAE,Male,Basic,124.84,2025-12-29
CUST00491,38,UK,Female,Enterprise,71.09,2025-10-09
CUST00492,35,Germany,Female,Enterprise,37.76,2024-04-05
CUST00493,43,USA,Female,Pro,227.35,2025-05-14
CUST00494,38,USA,Male,Free,365.47,2025-04-14
CUST00495,58,UAE,Female,Free,108.91,2025-03-15
CUST00496,70,UK,Female,Enterprise,161.43,2024-10-17
CUST00497,39,USA,Female,Basic,394.15,2025-11-29
CUST00498,66,Canada,Male,Free,313.09,2025-04-15
CUST00499,19,Canada,Female,Basic,228.26,2025-03-14
CUST00500,30,UK,Male,Pro,437.21,2024-10-07
CUST00501,23,UAE,Male,Pro,185.92,2025-10-26
CUST00502,28,Canada,Female,Enterprise,362.99,2024-08-27
CUST00503,45,Canada,Male,Free,106.71,2024-03-20
CUST00504,26,USA,Female,Basic,4.64,2025-12-13
CUST00505,39,Canada,Male,Enterprise,238.85,2024-08-22
CUST00506,42,Canada,Male,Free,156.68,2024-11-02
CUST00507,26,Germany,Male,Basic,34.21,2025-07-30
CUST00508,18,USA,Female,Basic,175.59,2024-08-06
CUST00509,58,UK,Female,Enterprise,429.98,2024-03-29
CUST00510,24,UK,Female,Free,175.77,2025-03-15
CUST00511,38,UK,Female,Basic,322.31,2024-09-11
CUST00512,53,USA,Male,Pro,423.95,2025-11-05
CUST00513,37,UK,Female,Basic,147.77,2024-02-25
CUST00514,68,UK,Female,Enterprise,56.37,2025-05-26
CUST00515,58,USA,Male,Free,493.44,2024-11-20
CUST00516,26,Germany,Female,Enterprise,273.18,2024-06-25
CUST00517,66,Germany,Male,Free,293.68,2024-01-15
CUST00518,34,UK,Male,Free,474.34,2025-02-11
CUST00519,50,UAE,Female,Enterprise,350.91,2024-03-25
CUST00520,58,USA,Female,Basic,41.8,2024-03-21
CUST00521,50,UK,Female,Basic,195.37,2025-10-11
CUST00522,66,Canada,Female,Pro,364.98,2024-09-01
CUST00523,21,UK,Female,Free,57.99,2025-09-18
CUST00524,56,Canada,Male,Pro,59.72,2025-12-25
CUST00525,26,Canada,Female,Basic,476.51,2025-06-19
CUST00526,51,UAE,Female,Basic,63.47,2024-10-02
CUST00527,64,Canada,Female,Free,403.55,2024-10-05
CUST00528,51,Canada,Male,Pro,248.07,2025-06-07
CUST00529,41,Canada,Male,Enterprise,183.84,2024-09-18
CUST00530,67,Canada,Male,Free,370.39,2024-01-03
CUST00531,20,Canada,Male,Basic,235.88,2025-01-27
CUST00532,27,UK,Female,Free,112.26,2024-09-11
CUST00533,44,UAE,Male,Pro,285.77,2024-05-02
CUST00534,50,Canada,Male,Basic,402.17,2024-02-17
CUST00535,43,Canada,Female,Enterprise,386.76,2024-11-14
CUST00536,38,Canada,Male,Enterprise,184.46,2024-10-25
CUST00537,54,UAE,Female,Basic,184.14,2025-05-20
CUST00538,67,UK,Male,Basic,3.19,2025-02-23
CUST00539,19,UK,Male,Pro,475.5,2024-01-02
CUST00540,66,Germany,Male,Pro,102.6,2024-08-31
CUST00541,44,Germany,Male,Free,355.83,2024-04-05
CUST00542,20,UK,Female,Enterprise,229.23,2024-03-27
CUST00543,55,Canada,Female,Basic,37.42,2025-08-04
CUST00544,21,Germany,Male,Basic,145.84,2024-11-18
CUST00545,69,Germany,Female,Pro,226.38,2024-08-27
CUST00546,22,UK,Male,Basic,77.71,2024-06-17
CUST00547,46,Germany,Female,Pro,60.37,2025-01-01
CUST00548,67,UK,Female,Enterprise,231.67,2024-05-02
CUST00549,23,UK,Male,Pro,107.51,2024-12-01
CUST00550,27,Canada,Female,Basic,198.12,2024-02-20
CUST00551,61,UAE,Male,Pro,15.54,2025-02-18
CUST00552,46,USA,Male,Basic,231.02,2024-05-23
CUST00553,25,Canada,Male,Free,65.36,2025-02-14
CUST00554,41,Canada,Male,Pro,10.9,2024-03-07
CUST00555,30,Germany,Male,Basic,452.54,2024-12-05
CUST00556,25,Canada,Male,Enterprise,83.99,2025-08-10
CUST00557,45,Germany,Male,Enterprise,191.36,2025-03-12
CUST00558,29,UAE,Male,Basic,137.49,2025-04-01
CUST00559,27,Canada,Female,Basic,249.45,2025-07-17
CUST00560,48,Canada,Female,Free,191.51,2025-03-05
CUST00561,30,USA,Male,Basic,494.7,2025-12-31
CUST00562,40,Germany,Female,Enterprise,456.34,2025-05-29
CUST00563,38,Germany,Male,Pro,13.03,2025-09-03
CUST00564,32,Canada,Male,Pro,404.33,2025-04-28
CUST00565,51,UAE,Male,Basic,50.07,2025-11-03
CUST00566,33,UAE,Male,Free,287.85,2025-02-01
CUST00567,40,UK,Male,Basic,296.26,2025-12-15
CUST00568,40,USA,Female,Free,473.78,2025-07-31
CUST00569,27,USA,Female,Basic,271.06,2024-06-28
CUST00570,49,Canada,Male,Free,116.31,2024-08-12
CUST00571,19,USA,Male,Enterprise,165.87,2025-09-20
CUST00572,30,UK,Male,Pro,459.39,2024-11-27
CUST00573,21,Canada,Male,Basic,387.18,2025-06-22
CUST00574,41,Canada,Female,Pro,293.01,2024-12-10
CUST00575,37,UAE,Male,Basic,366.18,2025-03-23
CUST00576,68,Germany,Male,Pro,353.59,2025-07-29
CUST00577,62,USA,Male,Pro,332.77,2024-06-28
CUST00578,42,UAE,Male,Pro,88.85,2024-01-02
CUST00579,62,USA,Male,Enterprise,91.04,2024-11-21
CUST00580,69,USA,Male,Basic,468.34,2024-05-24
CUST00581,39,Canada,Female,Basic,491.19,2024-06-20
CUST00582,58,Canada,Female,Pro,5.7,2024-08-02
CUST00583,33,Canada,Female,Pro,393.51,2024-01-02
CUST00584,21,Germany,Female,Enterprise,484.55,2025-02-27
CUST00585,49,Germany,Female,Pro,50.71,2025-05-05
CUST00586,68,USA,Male,Basic,225.64,2024-02-04
CUST00587,36,Canada,Female,Pro,475.83,2024-03-16
CUST00588,39,UK,Male,Enterprise,365.99,2025-07-14
CUST00589,23,UAE,Male,Enterprise,215.66,2025-10-31
CUST00590,28,USA,Male,Enterprise,26.78,2024-12-05
CUST00591,31,UK,Female,Enterprise,330.3,2024-10-31
CUST00592,33,Canada,Female,Free,285.88,2025-05-17
CUST00593,27,Canada,Male,Pro,213.8,2024-10-28
CUST00594,70,USA,Male,Enterprise,48.49,2024-07-30
CUST00595,28,UAE,Female,Free,421.88,2024-11-11
CUST00596,68,Germany,Female,Enterprise,447.44,2024-09-28
CUST00597,23,USA,Male,Enterprise,185.51,2025-01-25
CUST00598,41,UK,Male,Enterprise,131.65,2025-04-21
CUST00599,34,UK,Male,Pro,75.57,2025-12-14
CUST00600,60,Canada,Female,Free,404.09,2025-02-27
CUST00601,66,USA,Male,Basic,420.4,2025-06-19
CUST00602,44,USA,Male,Enterprise,238.13,2024-03-21
CUST00603,43,Canada,Male,Basic,474.63,2025-04-04
CUST00604,29,UK,Male,Basic,63.09,2025-03-09
CUST00605,23,Germany,Male,Basic,417.05,2024-09-21
CUST00606,38,Canada,Female,Free,278.18,2025-07-19
CUST00607,38,UAE,Male,Enterprise,393.28,2025-09-30
CUST00608,55,USA,Male,Enterprise,207.22,2024-05-31
CUST00609,54,USA,Male,Free,281.34,2024-04-13
CUST00610,68,UAE,Female,Pro,132.07,2025-11-01
CUST00611,49,USA,Male,Enterprise,86.1,2025-02-16
CUST00612,27,USA,Male,Enterprise,197.9,2024-12-05
CUST00613,62,UK,Female,Free,460.42,2025-01-16
CUST00614,19,UAE,Female,Pro,140.17,2025-05-18
CUST00615,62,Canada,Male,Basic,150.24,2025-03-29
CUST00616,67,UAE,Female,Pro,302.49,2024-04-01
CUST00617,30,Germany,Female,Basic,370.47,2025-06-12
CUST00618,41,Canada,Male,Basic,155.56,2025-06-02
CUST00619,43,UK,Male,Free,96.38,2024-07-24
CUST00620,21,UK,Female,Free,25.28,2025-01-04
CUST00621,63,UK,Female,Pro,411.75,2025-06-01
CUST00622,43,Canada,Male,Free,186.23,2025-08-31
CUST00623,46,UK,Female,Enterprise,172.12,2024-09-21
CUST00624,65,Canada,Male,Pro,193.28,2024-06-15
CUST00625,54,UK,Male,Basic,338.85,2024-10-02
CUST00626,59,Germany,Male,Free,237.05,2024-05-15
CUST00627,59,UK,Male,Free,126.2,2024-11-08
CUST00628,63,UAE,Female,Enterprise,425.79,2025-04-15
CUST00629,34,UK,Female,Enterprise,338.6,2025-09-30
CUST00630,43,USA,Male,Free,255.76,2025-11-09
CUST00631,41,USA,Female,Pro,342.21,2025-05-08
CUST00632,22,UAE,Female,Pro,430.75,2024-09-24
CUST00633,59,UAE,Male,Basic,258.65,2024-09-03
CUST00634,21,USA,Female,Enterprise,340.38,2024-01-27
CUST00635,59,Germany,Female,Pro,453.46,2025-02-18
CUST00636,42,Canada,Female,Basic,363.27,2024-08-15
CUST00637,61,USA,Female,Enterprise,253.66,2024-06-23
CUST00638,60,USA,Female,Basic,48.8,2024-05-11
CUST00639,65,UAE,Female,Basic,327.22,2024-08-15
CUST00640,40,UK,Female,Pro,394.05,2024-12-05
CUST00641,41,UAE,Female,Pro,425.61,2025-04-26
CUST00642,21,USA,Female,Free,444.71,2025-05-27
CUST00643,25,Germany,Female,Pro,27.03,2024-06-03
CUST00644,26,UK,Female,Pro,493.6,2025-04-13
CUST00645,27,UAE,Male,Basic,243.79,2025-10-08
CUST00646,29,UAE,Male,Free,226.03,2024-08-02
CUST00647,66,UK,Female,Basic,392.61,2024-03-31
CUST00648,26,USA,Female,Enterprise,201.7,2025-05-03
CUST00649,42,Canada,Male,Free,365.33,2024-01-15
CUST00650,38,USA,Male,Basic,338.37,2025-10-03
CUST00651,64,UK,Female,Basic,156.05,2024-04-15
CUST00652,42,USA,Male,Pro,32.64,2024-02-16
CUST00653,37,UAE,Female,Enterprise,216.83,2025-12-04
CUST00654,26,UAE,Female,Enterprise,375.06,2024-06-17
CUST00655,69,Germany,Male,Free,112.16,2024-05-14
CUST00656,31,Canada,Male,Basic,183.3,2025-10-28
CUST00657,68,Canada,Female,Enterprise,385.62,2025-09-30
CUST00658,21,USA,Male,Free,326.78,2024-01-21
CUST00659,21,Canada,Female,Enterprise,190.13,2025-07-14
CUST00660,34,Germany,Male,Basic,347.6,2025-10-07
CUST00661,18,UAE,Male,Enterprise,331.24,2024-10-03
CUST00662,57,USA,Female,Basic,415.33,2024-04-17
CUST00663,50,USA,Female,Free,57.01,2024-04-18
CUST00664,49,UK,Female,Basic,415.75,2024-07-25
CUST00665,40,Germany,Male,Pro,19.7,2025-05-23
CUST00666,31,Germany,Male,Pro,1.37,2025-11-18
CUST00667,23,Canada,Male,Enterprise,474.72,2025-06-07
CUST00668,22,Canada,Male,Pro,228.38,2024-10-30
CUST00669,34,Germany,Male,Free,406.59,2024-02-10
CUST00670,36,UAE,Female,Pro,369.27,2024-04-07
CUST00671,66,Canada,Male,Free,331.68,2024-06-23
CUST00672,39,UAE,Female,Enterprise,439.24,2024-04-05
CUST00673,41,UAE,Male,Basic,200.39,2025-04-12
CUST00674,35,Germany,Female,Enterprise,324.42,2024-06-19
CUST00675,25,UK,Male,Free,51.86,2025-08-27
CUST00676,48,USA,Male,Enterprise,305.66,2025-01-02
CUST00677,57,Canada,Female,Basic,460.2,2024-04-25
CUST00678,44,Germany,Male,Free,130.81,2024-11-17
CUST00679,18,USA,Female,Basic,259.55,2025-12-05
CUST00680,62,USA,Female,Free,330.86,2024-09-11
CUST00681,48,UAE,Male,Enterprise,419.52,2025-07-25
CUST00682,57,Canada,Male,Free,252.78,2025-04-25
CUST00683,49,UK,Female,Free,160.32,2024-12-04
CUST00684,35,Canada,Female,Basic,201.64,2024-08-28
CUST00685,23,Germany,Female,Enterprise,44.01,2025-05-25
CUST00686,46,UAE,Female,Free,372.62,2024-01-19
CUST00687,24,Germany,Male,Enterprise,278.57,2024-01-01
CUST00688,70,Canada,Male,Pro,327.3,2025-04-12
CUST00689,39,UAE,Male,Free,422.16,2024-12-05
CUST00690,53,USA,Female,Enterprise,357.96,2024-04-26
CUST00691,24,UK,Female,Free,177.57,2025-10-10
CUST00692,69,UAE,Male,Pro,22.89,2024-06-17
CUST00693,49,UK,Male,Enterprise,127.14,2024-07-19
CUST00694,30,Canada,Male,Enterprise,228.52,2024-07-14
CUST00695,63,UAE,Female,Free,23.25,2025-10-10
CUST00696,61,USA,Female,Free,228.69,2025-08-26
CUST00697,50,UK,Male,Enterprise,265.18,2024-02-19
CUST00698,53,Germany,Male,Enterprise,345.91,2024-06-26
CUST00699,64,UK,Female,Free,328.76,2025-09-12
CUST00700,38,USA,Female,Enterprise,489.75,2025-12-10
CUST00701,66,UK,Female,Pro,481.8,2024-10-28
CUST00702,46,UK,Female,Basic,301.26,2025-06-08
CUST00703,37,USA,Male,Pro,100.44,2025-10-01
CUST00704,63,UAE,Male,Pro,490.67,2025-10-27
CUST00705,29,USA,Male,Pro,380.39,2025-07-29
CUST00706,48,USA,Female,Enterprise,438.74,2025-03-08
CUST00707,69,Canada,Male,Free,190.44,2024-02-24
CUST00708,60,Canada,Female,Basic,375.09,2024-06-13
CUST00709,36,UAE,Male,Basic,345.3,2024-10-29
CUST00710,31,USA,Female,Free,407.01,2024-04-14
CUST00711,57,USA,Female,Basic,118.8,2025-12-13
CUST00712,36,Canada,Female,Enterprise,208.28,2025-12-02
CUST00713,38,USA,Male,Free,371.83,2024-07-26
CUST00714,57,Germany,Female,Basic,377.55,2025-07-13
CUST00715,65,USA,Male,Basic,147.09,2024-06-30
CUST00716,61,Canada,Male,Basic,367.54,2024-05-02
CUST00717,42,Canada,Female,Enterprise,278.3,2024-05-13
CUST00718,28,USA,Male,Pro,165.28,2025-12-27
CUST00719,27,Canada,Female,Basic,298.44,2025-10-02
CUST00720,57,UAE,Female,Enterprise,36.44,2025-12-25
CUST00721,38,USA,Male,Basic,260.3,2025-06-01
CUST00722,28,Germany,Male,Enterprise,174.7,2024-08-06
CUST00723,60,UAE,Female,Pro,146.79,2025-09-25
CUST00724,51,Germany,Male,Free,334.47,2025-04-01
CUST00725,33,USA,Male,Basic,341.28,2024-11-24
CUST00726,42,Canada,Female,Enterprise,270.12,2024-10-16
CUST00727,19,USA,Female,Pro,243.4,2024-10-30
CUST00728,59,UK,Male,Pro,474.11,2024-06-20
CUST00729,67,USA,Male,Free,105.39,2025-10-06
CUST00730,67,UK,Male,Enterprise,102.79,2025-12-20
CUST00731,65,Germany,Male,Free,11.88,2024-12-05
CUST00732,20,Canada,Male,Free,89.0,2024-09-14
CUST00733,53,Canada,Female,Basic,203.82,2025-04-06
CUST00734,58,Germany,Female,Enterprise,8.45,2025-11-20
CUST00735,25,USA,Male,Free,377.98,2025-08-22
CUST00736,20,Canada,Male,Pro,144.92,2025-12-03
CUST00737,37,USA,Female,Free,382.64,2025-03-24
CUST00738,42,Germany,Female,Free,78.16,2024-08-13
CUST00739,26,Germany,Male,Pro,149.03,2025-10-25
CUST00740,41,Canada,Male,Basic,20.89,2025-08-09
CUST00741,56,Germany,Female,Free,105.03,2024-12-18
CUST00742,31,Germany,Male,Basic,92.0,2025-09-23
CUST00743,34,UK,Male,Free,335.49,2025-08-03
CUST00744,21,USA,Male,Enterprise,145.33,2024-03-09
CUST00745,34,Canada,Female,Basic,475.77,2024-12-31
CUST00746,26,UK,Female,Free,309.76,2024-07-17
CUST00747,38,Germany,Female,Enterprise,308.17,2024-11-09
CUST00748,62,USA,Female,Basic,403.85,2025-03-14
CUST00749,28,Canada,Male,Pro,392.83,2025-12-30
CUST00750,65,Germany,Female,Pro,67.15,2024-12-05
CUST00751,48,Germany,Female,Enterprise,387.38,2025-05-13
CUST00752,53,Canada,Male,Basic,420.9,2024-05-23
CUST00753,52,UK,Male,Pro,363.71,2024-01-20
CUST00754,50,Canada,Male,Enterprise,453.15,2025-07-18
CUST00755,34,USA,Male,Enterprise,182.91,2024-08-16
CUST00756,67,USA,Male,Pro,232.35,2025-06-06
CUST00757,23,Germany,Male,Pro,331.34,2025-09-20
CUST00758,61,UK,Female,Basic,79.61,2025-08-02
CUST00759,54,UK,Female,Enterprise,20.21,2025-05-14
CUST00760,32,Canada,Female,Pro,117.01,2025-11-15
CUST00761,31,USA,Female,Pro,234.84,2025-04-10
CUST00762,20,Canada,Male,Pro,351.87,2025-06-17
CUST00763,58,UAE,Male,Pro,188.33,2025-01-22
CUST00764,41,USA,Female,Free,188.16,2024-08-16
CUST00765,51,Germany,Female,Pro,243.43,2025-05-08
CUST00766,56,Canada,Female,Basic,82.8,2024-03-19
CUST00767,50,UAE,Male,Basic,93.45,2025-01-05
CUST00768,56,Canada,Female,Basic,405.59,2024-04-26
CUST00769,48,Germany,Male,Enterprise,295.4,2025-10-24
CUST00770,44,Canada,Male,Basic,63.94,2025-08-29
CUST00771,28,UK,Male,Free,27.96,2024-09-21
CUST00772,29,USA,Male,Enterprise,439.25,2025-11-08
CUST00773,70,UAE,Male,Free,224.6,2025-04-27
CUST00774,48,UK,Female,Basic,300.42,2025-08-19
CUST00775,70,UK,Male,Pro,362.09,2024-12-16
CUST00776,47,USA,Male,Free,189.11,2024-05-15
CUST00777,24,Canada,Female,Basic,413.26,2025-09-12
CUST00778,24,UK,Male,Enterprise,438.88,2025-06-28
CUST00779,50,Canada,Female,Free,329.7,2025-09-09
CUST00780,52,Canada,Female,Enterprise,185.19,2024-02-14
CUST00781,62,USA,Male,Enterprise,469.21,2025-05-08
CUST00782,68,Germany,Male,Pro,212.74,2024-09-17
CUST00783,48,UK,Female,Free,299.15,2025-07-10
CUST00784,44,UAE,Male,Basic,354.57,2024-01-08
CUST00785,54,USA,Male,Free,187.51,2024-07-29
CUST00786,62,UAE,Female,Enterprise,53.29,2025-03-12
CUST00787,59,USA,Female,Pro,427.49,2025-03-09
CUST00788,54,UAE,Female,Pro,377.49,2025-02-27
CUST00789,53,USA,Male,Enterprise,185.11,2025-07-22
CUST00790,48,UAE,Female,Pro,387.1,2025-02-11
CUST00791,65,UK,Male,Free,223.3,2025-12-17
CUST00792,28,Canada,Female,Basic,393.04,2025-07-17
CUST00793,57,Canada,Female,Basic,482.29,2024-01-06
CUST00794,69,Canada,Female,Basic,462.93,2025-03-21
CUST00795,23,Canada,Male,Pro,185.42,2025-09-15
CUST00796,20,Germany,Female,Enterprise,355.8,2025-09-03
CUST00797,21,UK,Female,Enterprise,5.36,2025-11-03
CUST00798,69,USA,Male,Pro,16.8,2025-09-05
CUST00799,50,USA,Male,Basic,337.01,2025-01-03
CUST00800,33,Canada,Male,Basic,498.41,2025-02-13
CUST00801,40,Germany,Male,Enterprise,258.87,2025-12-21
CUST00802,22,Canada,Female,Pro,173.74,2024-10-10
CUST00803,32,USA,Female,Basic,464.86,2025-08-11
CUST00804,18,UAE,Female,Basic,253.12,2025-07-26
CUST00805,22,USA,Female,Pro,473.51,2025-06-09
CUST00806,34,USA,Female,Pro,483.03,2025-07-30
CUST00807,48,UK,Female,Pro,340.8,2025-08-23
CUST00808,19,Germany,Female,Free,33.78,2025-10-10
CUST00809,68,UK,Female,Basic,206.21,2024-12-27
CUST00810,51,USA,Female,Free,124.13,2024-04-05
CUST00811,43,UAE,Male,Free,238.28,2024-12-28
CUST00812,31,USA,Male,Pro,473.56,2025-11-30
CUST00813,30,Germany,Male,Basic,367.71,2024-09-28
CUST00814,31,UK,Male,Basic,418.17,2024-12-30
CUST00815,27,Canada,Male,Free,337.91,2025-11-10
CUST00816,49,USA,Male,Free,424.01,2025-01-15
CUST00817,57,UAE,Female,Enterprise,245.4,2025-06-07
CUST00818,35,Germany,Male,Basic,27.07,2025-03-09
CUST00819,48,USA,Female,Free,196.86,2025-12-03
CUST00820,67,UK,Male,Enterprise,349.12,2025-04-16
CUST00821,38,Canada,Male,Free,189.71,2024-04-13
CUST00822,38,UAE,Male,Pro,274.28,2024-08-30
CUST00823,35,Germany,Female,Pro,91.96,2025-03-10
CUST00824,31,Germany,Female,Pro,427.16,2024-10-13
CUST00825,46,UK,Male,Basic,407.1,2024-10-03
CUST00826,69,UK,Female,Enterprise,98.03,2024-06-02
CUST00827,48,Canada,Female,Basic,249.8,2025-10-07
CUST00828,51,USA,Female,Pro,150.02,2025-07-29
CUST00829,54,Canada,Male,Enterprise,345.27,2024-03-02
CUST00830,31,UAE,Male,Enterprise,224.93,2024-12-08
CUST00831,34,UAE,Female,Pro,172.07,2025-02-25
CUST00832,25,UAE,Male,Basic,489.69,2024-10-18
CUST00833,40,UAE,Female,Enterprise,444.82,2025-01-25
CUST00834,57,UAE,Male,Enterprise,434.13,2025-10-17
CUST00835,69,UAE,Female,Enterprise,424.45,2024-03-14
CUST00836,23,UK,Male,Pro,156.74,2025-10-30
CUST00837,36,UAE,Female,Enterprise,443.85,2025-01-06
CUST00838,65,USA,Female,Enterprise,83.66,2024-01-24
CUST00839,26,UK,Male,Pro,105.29,2025-02-10
CUST00840,24,Canada,Female,Free,274.22,2024-01-27
CUST00841,67,Germany,Male,Free,131.23,2024-06-08
CUST00842,23,Germany,Male,Pro,123.7,2024-10-17
CUST00843,46,UK,Male,Basic,14.29,2025-11-10
CUST00844,40,UAE,Female,Enterprise,487.49,2025-07-07
CUST00845,35,USA,Male,Enterprise,484.77,2025-12-15
CUST00846,52,UK,Female,Enterprise,261.73,2025-10-16
CUST00847,52,UAE,Female,Pro,269.83,2024-04-01
CUST00848,46,UAE,Female,Pro,129.9,2024-11-06
CUST00849,18,Canada,Female,Basic,143.38,2025-07-01
CUST00850,18,Germany,Female,Enterprise,4.57,2025-03-16
CUST00851,69,UAE,Male,Basic,274.11,2024-07-12
CUST00852,44,USA,Female,Enterprise,124.95,2025-10-23
CUST00853,42,Germany,Female,Basic,39.6,2025-10-02
CUST00854,33,USA,Female,Pro,324.23,2025-06-28
CUST00855,69,UAE,Male,Enterprise,426.74,2024-07-05
CUST00856,26,UAE,Female,Free,308.86,2024-10-05
CUST00857,62,USA,Male,Enterprise,160.32,2024-06-04
CUST00858,21,USA,Male,Free,486.17,2024-10-15
CUST00859,35,UK,Male,Enterprise,116.41,2024-06-03
CUST00860,18,Germany,Female,Basic,210.12,2025-05-25
CUST00861,41,Germany,Female,Free,40.11,2024-05-29
CUST00862,21,UAE,Male,Enterprise,271.6,2024-07-04
CUST00863,30,UAE,Male,Enterprise,60.98,2026-01-01
CUST00864,33,Germany,Male,Enterprise,368.81,2024-02-04
CUST00865,30,Germany,Male,Free,236.41,2025-11-28
CUST00866,37,UAE,Male,Basic,372.36,2025-07-16
CUST00867,51,Canada,Female,Pro,319.26,2024-07-22
CUST00868,41,Canada,Male,Basic,117.98,2025-03-20
CUST00869,38,Canada,Female,Basic,292.35,2025-02-09
CUST00870,68,UK,Male,Free,290.54,2025-12-08
CUST00871,48,USA,Female,Basic,385.4,2024-09-11
CUST00872,28,Germany,Female,Free,465.42,2025-10-02
CUST00873,21,Canada,Male,Pro,350.66,2024-04-19
CUST00874,26,Germany,Female,Basic,490.84,2025-10-22
CUST00875,66,UAE,Male,Enterprise,10.68,2025-01-21
CUST00876,40,UK,Male,Pro,242.65,2025-03-24
CUST00877,53,UAE,Male,Enterprise,283.35,2025-07-10
CUST00878,40,UAE,Female,Enterprise,433.83,2025-09-05
CUST00879,53,UK,Male,Free,224.69,2024-09-26
CUST00880,52,UAE,Male,Enterprise,387.96,2025-06-02
CUST00881,42,UK,Female,Free,388.01,2024-09-01
CUST00882,38,Canada,Male,Enterprise,262.03,2025-05-24
CUST00883,67,USA,Female,Basic,161.3,2025-10-18
CUST00884,38,Canada,Male,Free,21.89,2024-05-12
CUST00885,29,Canada,Male,Basic,242.69,2024-04-11
CUST00886,20,USA,Female,Enterprise,262.91,2025-12-19
CUST00887,55,UAE,Female,Free,110.36,2024-03-13
CUST00888,18,UK,Male,Enterprise,234.03,2025-10-16
CUST00889,21,UAE,Female,Enterprise,397.12,2024-02-29
CUST00890,70,USA,Male,Pro,367.15,2024-11-07
CUST00891,22,UK,Male,Free,362.59,2025-06-28
CUST00892,42,UK,Male,Basic,285.01,2024-07-02
CUST00893,53,USA,Male,Enterprise,383.14,2025-08-13
CUST00894,40,Germany,Male,Enterprise,83.4,2024-07-03
CUST00895,53,Germany,Male,Pro,266.95,2025-09-06
CUST00896,46,UAE,Female,Pro,422.43,2025-02-26
CUST00897,66,Germany,Male,Pro,281.57,2024-08-07
CUST00898,42,USA,Female,Pro,480.83,2025-04-03
CUST00899,43,Canada,Female,Free,297.88,2025-06-14
CUST00900,26,UAE,Female,Free,492.2,2024-08-07
CUST00901,38,Canada,Male,Pro,47.14,2025-04-16
CUST00902,40,UK,Female,Basic,183.54,2025-08-19
CUST00903,33,UK,Female,Pro,45.95,2025-02-13
CUST00904,54,UK,Female,Free,396.45,2024-06-26
CUST00905,49,USA,Female,Free,18.69,2025-08-13
CUST00906,42,Canada,Female,Free,173.97,2025-03-20
CUST00907,44,Canada,Male,Basic,316.94,2025-10-09
CUST00908,42,Canada,Male,Pro,159.66,2025-08-01
CUST00909,27,UAE,Male,Basic,25.26,2025-02-06
CUST00910,46,USA,Male,Free,215.97,2025-02-07
CUST00911,27,UK,Male,Pro,237.93,2024-02-20
CUST00912,53,Germany,Male,Pro,199.26,2025-03-20
CUST00913,67,UK,Female,Basic,279.65,2025-05-14
CUST00914,43,USA,Male,Basic,121.16,2024-09-29
CUST00915,67,Germany,Male,Pro,56.26,2025-02-27
CUST00916,45,UAE,Male,Pro,160.37,2025-08-31
CUST00917,59,Canada,Male,Pro,493.83,2025-09-23
CUST00918,70,Germany,Female,Basic,22.44,2024-08-27
CUST00919,30,UAE,Male,Basic,56.19,2024-02-25
CUST00920,33,USA,Female,Basic,6.87,2025-12-11
CUST00921,69,Canada,Female,Pro,235.6,2024-12-05
CUST00922,31,USA,Male,Basic,273.21,2024-09-21
CUST00923,53,Germany,Male,Basic,188.3,2025-11-10
CUST00924,51,Canada,Male,Pro,30.06,2024-07-24
CUST00925,68,USA,Male,Pro,232.48,2024-01-09
CUST00926,22,Germany,Female,Pro,432.14,2024-01-20
CUST00927,36,Germany,Female,Basic,254.27,2025-12-27
CUST00928,24,UAE,Male,Enterprise,93.21,2025-05-27
CUST00929,47,USA,Male,Free,123.7,2025-06-26
CUST00930,37,UAE,Female,Enterprise,372.2,2024-01-19
CUST00931,40,UAE,Female,Pro,118.1,2025-05-28
CUST00932,35,Canada,Female,Pro,445.2,2024-01-31
CUST00933,53,UAE,Male,Basic,170.89,2025-02-06
CUST00934,60,UK,Female,Free,260.36,2025-11-25
CUST00935,57,UK,Male,Enterprise,286.45,2025-03-12
CUST00936,37,USA,Female,Pro,271.12,2024-07-30
CUST00937,59,UK,Male,Basic,154.5,2025-12-23
CUST00938,51,UK,Male,Enterprise,328.12,2025-08-01
CUST00939,28,UAE,Male,Free,92.07,2024-05-29
CUST00940,64,Canada,Female,Pro,480.6,2024-11-06
CUST00941,46,UAE,Male,Basic,53.39,2024-07-08
CUST00942,19,USA,Male,Pro,298.18,2024-08-24
CUST00943,61,Canada,Male,Pro,344.07,2025-05-03
CUST00944,26,USA,Female,Enterprise,91.99,2025-01-31
CUST00945,49,Germany,Male,Basic,96.63,2024-02-03
CUST00946,44,Canada,Female,Pro,111.28,2025-11-18
CUST00947,30,UK,Male,Free,463.55,2025-03-25
CUST00948,57,Germany,Female,Pro,443.79,2025-03-13
CUST00949,43,Canada,Female,Enterprise,197.08,2025-08-08
CUST00950,56,USA,Male,Free,225.8,2024-02-13
CUST00951,33,USA,Male,Enterprise,278.85,2025-06-12
CUST00952,66,Canada,Female,Basic,219.78,2024-11-07
CUST00953,67,UAE,Male,Enterprise,211.23,2025-09-19
CUST00954,21,USA,Female,Basic,414.95,2025-04-07
CUST00955,23,USA,Male,Free,389.37,2025-12-13
CUST00956,52,UK,Female,Enterprise,161.73,2024-01-26
CUST00957,29,Germany,Female,Basic,45.09,2024-11-27
CUST00958,62,UK,Male,Free,57.08,2025-04-05
CUST00959,58,UAE,Female,Free,363.44,2025-06-07
CUST00960,57,UK,Female,Enterprise,21.95,2024-06-23
CUST00961,39,USA,Male,Basic,434.41,2024-07-02
CUST00962,67,Canada,Female,Enterprise,154.76,2025-04-01
CUST00963,36,UK,Male,Free,480.22,2024-01-04
CUST00964,57,UAE,Female,Free,248.81,2025-05-25
CUST00965,52,Canada,Male,Enterprise,108.44,2025-11-06
CUST00966,48,Germany,Female,Enterprise,39.7,2025-09-06
CUST00967,18,UK,Male,Pro,24.46,2024-05-31
CUST00968,21,UAE,Male,Free,426.91,2025-11-14
CUST00969,54,USA,Female,Pro,460.19,2024-02-20
CUST00970,24,Germany,Male,Basic,336.05,2025-09-17
CUST00971,60,USA,Female,Basic,374.67,2025-01-03
CUST00972,20,Canada,Female,Pro,184.28,2025-01-23
CUST00973,70,Canada,Male,Enterprise,146.42,2024-05-17
CUST00974,25,UAE,Female,Pro,262.32,2025-12-13
CUST00975,31,USA,Male,Free,285.68,2025-10-06
CUST00976,51,Canada,Female,Enterprise,213.53,2024-11-20
CUST00977,34,USA,Male,Pro,307.14,2025-05-23
CUST00978,51,Germany,Male,Enterprise,441.83,2024-08-26
CUST00979,63,UAE,Male,Basic,59.1,2025-04-21
CUST00980,58,Canada,Female,Basic,207.02,2024-12-07
CUST00981,40,USA,Male,Basic,320.31,2025-12-07
CUST00982,36,UAE,Female,Free,150.14,2025-07-17
CUST00983,38,Canada,Female,Free,170.68,2025-08-05
CUST00984,57,Canada,Male,Basic,165.26,2024-12-12
CUST00985,61,Germany,Male,Enterprise,322.83,2025-05-08
CUST00986,27,Germany,Female,Pro,391.99,2025-02-27
CUST00987,65,Canada,Female,Pro,277.59,2024-01-20
CUST00988,31,USA,Female,Pro,33.11,2024-06-01
CUST00989,35,Canada,Female,Pro,313.26,2024-06-18
CUST00990,54,USA,Male,Enterprise,297.6,2024-11-11
CUST00991,63,UAE,Female,Free,206.93,2025-05-23
CUST00992,33,UAE,Female,Enterprise,108.07,2024-11-05
CUST00993,29,Canada,Male,Pro,388.9,2024-04-04
CUST00994,46,USA,Female,Free,452.48,2024-06-06
CUST00995,30,UAE,Female,Enterprise,387.77,2024-05-26
CUST00996,67,Canada,Male,Basic,362.29,2025-04-15
CUST00997,42,USA,Male,Free,155.49,2024-02-15
CUST00998,61,USA,Female,Free,233.44,2024-02-17
CUST00999,24,USA,Male,Pro,288.78,2024-11-15
CUST01000,58,UK,Male,Pro,96.27,2024-10-10
